case,m,N,seed,candidate_space,mode,search_method,repetitions,runtime_median_seconds,runtime_min_seconds,runtime_max_seconds,configurations_evaluated_median,feasible_repetitions,objective_score_median,optimality_gap_median
small_paired,2,8,20263028,12,exhaustive,exhaustive,3,0.013465899974107742,0.00948969996534288,0.015652799978852272,12,3,2.1583,0.0
small_paired,2,8,20263028,12,heuristic,greedy+local_search,3,0.009287700057029724,0.007178100058808923,0.009674400091171265,14,3,2.1583,0.0
small_paired,2,16,20263036,40,exhaustive,exhaustive,3,0.03781619993969798,0.03779519989620894,0.04488239996135235,40,3,1.7393,0.0
small_paired,2,16,20263036,40,heuristic,greedy+local_search,3,0.021321500069461763,0.02019109996035695,0.02877440000884235,39,3,1.7393,0.0
small_paired,2,24,20263044,300,exhaustive,exhaustive,3,0.3512131000170484,0.3365396000444889,0.4496751999249682,300,3,0.1827,0.0
small_paired,2,24,20263044,300,heuristic,greedy+local_search,3,0.07440649997442961,0.07349549990613014,0.083566699991934,74,3,0.1827,0.0
small_paired,3,8,20264037,729,exhaustive,exhaustive,3,0.925554700079374,0.7859312000218779,1.1877444999990985,729,3,0.2584,0.0
small_paired,3,8,20264037,729,heuristic,greedy+local_search,3,0.10931020008865744,0.036721100099384785,0.11616940004751086,78,3,2.9601,10.455495356037153
small_paired,3,16,20264045,1088,exhaustive,exhaustive,3,0.8038365000393242,0.7114412999944761,0.8823632999556139,1088,3,0.2351,0.0
small_paired,3,16,20264045,1088,heuristic,greedy+local_search,3,0.04456539999227971,0.039818799938075244,0.044690300012007356,65,3,0.2351,0.0
small_paired,3,24,20264053,900,exhaustive,exhaustive,3,0.769864400033839,0.7548295999877155,0.8327653000596911,900,3,1.5426,0.0
small_paired,3,24,20264053,900,heuristic,greedy+local_search,3,0.07329369999933988,0.06683499994687736,0.07696150010451674,118,3,1.5426,0.0
small_paired,4,8,20265046,1296,exhaustive,exhaustive,3,0.846187699935399,0.7849284000694752,0.9192648000316694,1296,3,0.3131,0.0
small_paired,4,8,20265046,1296,heuristic,greedy+local_search,3,0.030745600000955164,0.025932100019417703,0.03322460001800209,50,3,0.3131,0.0
small_paired,4,16,20265054,24565,exhaustive,exhaustive,3,11.461448400048539,11.04738390003331,11.515781000023708,24565,3,1.7393,0.0
small_paired,4,16,20265054,24565,heuristic,greedy+local_search,3,0.07050869998056442,0.06742279999889433,0.07480840000789613,110,3,3.4768,0.9989651009026619
small_paired,4,24,20265062,25200,exhaustive,exhaustive,3,13.204923799959943,13.051552399992943,13.227453999919817,25200,3,1.5426,0.0
small_paired,4,24,20265062,25200,heuristic,greedy+local_search,3,0.10636409989092499,0.0976069999160245,0.11090510000940412,164,3,1.5426,0.0
small_paired,5,8,20266055,11664,exhaustive,exhaustive,3,5.357493399991654,5.319893700070679,5.677714099991135,11664,3,0.3429,0.0
small_paired,5,8,20266055,11664,heuristic,greedy+local_search,3,0.03622730006463826,0.03382810007315129,0.03846870001871139,67,3,0.3429,0.0
small_paired,5,16,20266063,78608,exhaustive,exhaustive,3,34.17147609998938,33.6064465000527,34.868196600000374,78608,3,1.7393,0.0
small_paired,5,16,20266063,78608,heuristic,greedy+local_search,3,0.07719700003508478,0.07574170001316816,0.09911359997931868,119,3,1.7678,0.016385902374518466
small_paired,5,24,20266072,18900,exhaustive,exhaustive,3,11.392050099908374,10.988647099933587,11.850453399936669,18900,3,2.26,0.0
small_paired,5,24,20266072,18900,heuristic,greedy+local_search,3,0.08084559999406338,0.07668149995151907,0.0960651000496,97,3,2.26,0.0
large_heuristic_only,10,32,20271124,10259108462592,heuristic,greedy+local_search,3,0.7359362000133842,0.7077008000342175,0.8220444000326097,909,3,1.444,
large_heuristic_only,20,64,20281246,107430814714250533808373760000,heuristic,greedy+local_search,3,3.3664320000680164,3.336964700021781,3.565611399943009,1959,3,2.4198,
large_heuristic_only,40,100,20301462,328351407238410476614383438504420744305083182812500000000000000000000,heuristic,greedy+local_search,3,44.043856199947186,41.431477200007066,46.4287658999674,14818,3,3.681,
